"cntry_key","year","percent"
"DNK",1998,5.03890336000001
"DNK",2003,5.40654601999999
"DNK",2004,5.50774584
"DNK",2005,4.82988653
"DNK",2006,3.89701278
"DNK",2007,3.79232207
"DNK",2008,3.3203125
"DNK",2009,5.98095035
"DNK",2010,7.2249621914
